ID_ARTICOLO,ID_FRASE,FRASE,TAG_FRASE,TAG_ARTICOLO,FONTE,LINK
5,0,"Fca fa le mascherine, ma sono un disastro.",SOG,OGG,Contropiano,https://contropiano.org/news/politica-news/2021/01/21/fca-fa-le-mascherine-ma-sono-un-disastro-0135641
5,1,"Le mascherine FCA non soddisfano i requisiti di norma, dicono i test di laboratorio.",OGG,OGG,Contropiano,https://contropiano.org/news/politica-news/2021/01/21/fca-fa-le-mascherine-ma-sono-un-disastro-0135642
5,2,"Studenti e lavoratori non sono protetti dal Covid, USB si rivolge all'autorità giudiziaria.",OGG,OGG,Contropiano,https://contropiano.org/news/politica-news/2021/01/21/fca-fa-le-mascherine-ma-sono-un-disastro-0135643
5,3,"Su iniziativa di Rete Iside Onlus, di USB e dell�organizzazione studentesca OSA, l'azienda Archa, autorizzata dall'Ente Italiano di accreditamento Accredia, ha sottoposto ad analisi le mascherine facciali a uso medico (c.d. mascherine chirurgiche) prodotte dall'azienda FCA (già FIAT) e ha rilevato come queste non siano rispondenti ai requisiti di norma in tema di efficienza di filtrazione batterica (BFE).",OGG,OGG,Contropiano,https://contropiano.org/news/politica-news/2021/01/21/fca-fa-le-mascherine-ma-sono-un-disastro-0135644
5,4,"Sottoposte a test di laboratorio, le mascherine hanno dato valori di filtrazione oscillanti tra l'83,53 e l'86,39%, quando la norma UNI EN 14683:2019 stabilisce un limite di accettabilità maggiore del 95% per le mascherine tipo I (due strati) e del 98% per il tipo II e IIR (tre e quattro strati).",OGG,OGG,Contropiano,https://contropiano.org/news/politica-news/2021/01/21/fca-fa-le-mascherine-ma-sono-un-disastro-0135645
5,5,"I test sono stati effettuati venerdì 15 gennaio 2021 esponendo ad aerosol batterico la faccia interna del campione con un flusso di aspirazione di 28,3 litri/minuto.",OGG,OGG,Contropiano,https://contropiano.org/news/politica-news/2021/01/21/fca-fa-le-mascherine-ma-sono-un-disastro-0135646
5,6,"Insomma le mascherine acquistate a milioni dalla Protezione Civile e fornite ogni giorno alle scuole per garantire agli studenti e al personale insegnante, tecnico e amministrativo la possibilità di stare a scuola in sicurezza non garantiscono il filtraggio necessario a proteggerli.",OGG,OGG,Contropiano,https://contropiano.org/news/politica-news/2021/01/21/fca-fa-le-mascherine-ma-sono-un-disastro-0135647
5,7,"Lo stesso vale per gli operai di FCA e delle aziende collegate, ai quali vengono fornite identiche mascherine, che da tempo avevano denunciato insieme a USB l'inidoneità dei dispositivi di protezione.",OGG,OGG,Contropiano,https://contropiano.org/news/politica-news/2021/01/21/fca-fa-le-mascherine-ma-sono-un-disastro-0135648
5,8,"Rete Iside, USB e OSA hanno dato mandato ai propri legali di rivolgersi con urgenza alle autorità giudiziarie competenti al fine di verificare se nei fatti descritti siano ravvisabili gli estremi del reato di frode in pubbliche forniture e ogni altra ipotesi delittuosa in relazione al pericolo cagionato alla incolumità pubblica, anche con riguardo agli omessi controlli dei dispositivi in questione, nonchè di verificare se dai fatti descritti sia derivato un danno per l'erario.",OGG,OGG,Contropiano,https://contropiano.org/news/politica-news/2021/01/21/fca-fa-le-mascherine-ma-sono-un-disastro-0135649
5,9,Si chiederà inoltre all'autorità giudiziarie di adottare ogni provvedimento cautelare opportuno al fine di tutelare la salute dei lavoratori e dei cittadini.,OGG,OGG,Contropiano,https://contropiano.org/news/politica-news/2021/01/21/fca-fa-le-mascherine-ma-sono-un-disastro-0135650
6,0,"Livorno è stata la culla del Partito Comunista Italiano, nato qui il 21 gennaio 1921.",OGG,SOG,Il Giornale,https://www.ilgiornale.it/news/politica/qui-chi-ha-sciolto-pci-andrea-romano-e-pd-contestati-1918575.html
6,1,"Nel giorno del centenario della fondazione del partito sono state tante le iniziative nella città toscana, dove si è recato anche Andrea Romano, a capo di una delegazione del Partito democratico.",OGG,SOG,Il Giornale,https://www.ilgiornale.it/news/politica/qui-chi-ha-sciolto-pci-andrea-romano-e-pd-contestati-1918575.html
6,2,"Il centro nevralgico delle celebrazioni è stato il teatro San Marco, luogo simbolo in cui si riunirono i fuoriusciti massimalisti dal XVII congresso del Partito Socialista, che proprio in quei giorni si stava tenendo poco distante, al teatro Goldoni.",OGG,SOG,Il Giornale,https://www.ilgiornale.it/news/politica/qui-chi-ha-sciolto-pci-andrea-romano-e-pd-contestati-1918575.html
6,3,"Probabilmente, Andrea Romano si aspettava un'accoglienza calorosa da parte dei nostalgici del Pci, che invece non hanno gradito la sua presenza in un giorno così importante.",OGG,SOG,Il Giornale,https://www.ilgiornale.it/news/politica/qui-chi-ha-sciolto-pci-andrea-romano-e-pd-contestati-1918575.html
6,4,"Fischi, offese e cori da stadio hanno accompagnato ogni passo dell'esponente del Partito democratico a Livorno, che è stato addirittura accolto con uno striscione di contestazione.",OGG,SOG,Il Giornale,https://www.ilgiornale.it/news/politica/qui-chi-ha-sciolto-pci-andrea-romano-e-pd-contestati-1918575.html
6,5,"Nazismo e comunismo equiparati, Pd oggi qui?",SOG,SOG,Il Giornale,https://www.ilgiornale.it/news/politica/qui-chi-ha-sciolto-pci-andrea-romano-e-pd-contestati-1918575.html
6,6,Compagni sbagliati,SOG,SOG,Il Giornale,https://www.ilgiornale.it/news/politica/qui-chi-ha-sciolto-pci-andrea-romano-e-pd-contestati-1918575.html
6,7,"si leggeva a chiare lettere nel lungo lenzuolo tenuto dai contestatori in testa ai quali si trovava Lenny Bottai, segretario locale del partito.",OGG,SOG,Il Giornale,https://www.ilgiornale.it/news/politica/qui-chi-ha-sciolto-pci-andrea-romano-e-pd-contestati-1918575.html
6,8,Via da qui chi ha sciolto il Pci,OGG,SOG,Il Giornale,https://www.ilgiornale.it/news/politica/qui-chi-ha-sciolto-pci-andrea-romano-e-pd-contestati-1918575.html
6,9,hanno scandito i manifestanti che hanno sfilato per le strade di Livorno nei pressi del teatro San Marco con le bandiere rosse con falce e martello.,OGG,SOG,Il Giornale,https://www.ilgiornale.it/news/politica/qui-chi-ha-sciolto-pci-andrea-romano-e-pd-contestati-1918575.html
6,10,Lenny Bottai ha spiegato chiaramente le motivazioni delle rimostranze:,OGG,SOG,Il Giornale,https://www.ilgiornale.it/news/politica/qui-chi-ha-sciolto-pci-andrea-romano-e-pd-contestati-1918575.html
6,11,"Oggi tutti sono comunisti, stiamo aspettando i signori del Pd che hanno votato l'equiparazione tra nazismo e comunismo.",SOG,SOG,Il Giornale,https://www.ilgiornale.it/news/politica/qui-chi-ha-sciolto-pci-andrea-romano-e-pd-contestati-1918575.html
6,12,Oggi si ricordano di essere comunisti.,SOG,SOG,Il Giornale,https://www.ilgiornale.it/news/politica/qui-chi-ha-sciolto-pci-andrea-romano-e-pd-contestati-1918575.html
6,13,Le sigle rosse si sono ritrovate davanti al teatro San Marco e nel momento in cui è arrivata la delegazione del Partito democratico sono iniziate le contestazioni.,OGG,SOG,Il Giornale,https://www.ilgiornale.it/news/politica/qui-chi-ha-sciolto-pci-andrea-romano-e-pd-contestati-1918575.html
6,14,"Andrea Romano non si è tirato indietro e, come riporta Livorno Today, ha replicato alle accuse mosse dagli eredi del Pci:",OGG,SOG,Il Giornale,https://www.ilgiornale.it/news/politica/qui-chi-ha-sciolto-pci-andrea-romano-e-pd-contestati-1918575.html
6,15,Dispiace che un'occasione storica come questa sia ancora divisiva ma siamo abituati alle contestazioni che fanno parte del folklore di Lenny Bottai.,SOG,SOG,Il Giornale,https://www.ilgiornale.it/news/politica/qui-chi-ha-sciolto-pci-andrea-romano-e-pd-contestati-1918575.html
6,16,"Sinceramente non so neppure quanto prenda il partito di Marco Rizzo, ma lasciamo perdere.",SOG,SOG,Il Giornale,https://www.ilgiornale.it/news/politica/qui-chi-ha-sciolto-pci-andrea-romano-e-pd-contestati-1918575.html
6,17,"Non certo elegante il riferimento ai consensi elettorali del Partito comunista nel giorno del centenario della nascita del Pci, che in quel momento si stava celebrando.",SOG,SOG,Il Giornale,https://www.ilgiornale.it/news/politica/qui-chi-ha-sciolto-pci-andrea-romano-e-pd-contestati-1918575.html
6,18,"Questa è una bella giornata, che ricorda l'inizio di una vicenda storica la quale, con le sue luci e le sue ombre, è stata un passaggio fondamentale nella storia del Paese e appartiene a tutti.",SOG,SOG,Il Giornale,https://www.ilgiornale.it/news/politica/qui-chi-ha-sciolto-pci-andrea-romano-e-pd-contestati-1918575.html
6,19,"Il PCI ha nei suoi capisaldi la difesa della democrazia italiana, l'antifascismo e anche il tentativo ostinato di tenere insieme l'Italia nella difesa della Repubblica quando poteva essere spezzata da fenomeni sovversivi pericolosi",OGG,SOG,Il Giornale,https://www.ilgiornale.it/news/politica/qui-chi-ha-sciolto-pci-andrea-romano-e-pd-contestati-1918575.html
6,20,ha concluso Andrea Romano.,OGG,SOG,Il Giornale,https://www.ilgiornale.it/news/politica/qui-chi-ha-sciolto-pci-andrea-romano-e-pd-contestati-1918575.html
7,0,"Grazie Letizia Moratti, te lo dico davvero.",SOG,SOG,Espresso, http://munafo.blogautore.espresso.repubblica.it/2021/01/19/e-questa-qui-la-destra-italiana-ed-e-sempre-stata-cosi/?ref=fbpe
7,1,Grazie.,OGG,SOG,Espresso, http://munafo.blogautore.espresso.repubblica.it/2021/01/19/e-questa-qui-la-destra-italiana-ed-e-sempre-stata-cosi/?ref=fbpe
7,2,"Grazie perchè la tua ultima uscita permette ancora una volta, e senza ipocrisie e mezze misure, di ricordare a tutti gli smemorati che cosa è la destra in Italia.",SOG,SOG,Espresso, http://munafo.blogautore.espresso.repubblica.it/2021/01/19/e-questa-qui-la-destra-italiana-ed-e-sempre-stata-cosi/?ref=fbpe
7,3,"La neo assessora in Lombardia ha infatti messo per iscritto un'assoluta ovvietà, un pensiero in perfetta continuità e coerenza con quanto questa parte politica predica e realizza da anni nel nostro Paese.",SOG,SOG,Espresso, http://munafo.blogautore.espresso.repubblica.it/2021/01/19/e-questa-qui-la-destra-italiana-ed-e-sempre-stata-cosi/?ref=fbpe
7,4,"Secondo Moratti infatti, i vaccini devono essere distribuiti tenendo in considerazione anche quanto una regione contribuisce al Pil.",OGG,SOG,Espresso, http://munafo.blogautore.espresso.repubblica.it/2021/01/19/e-questa-qui-la-destra-italiana-ed-e-sempre-stata-cosi/?ref=fbpe
7,5,"Tradotto: la Lombardia che è una regione più ricca, deve averne di più e prima degli altri.",SOG,SOG,Espresso, http://munafo.blogautore.espresso.repubblica.it/2021/01/19/e-questa-qui-la-destra-italiana-ed-e-sempre-stata-cosi/?ref=fbpe
7,6,"E' questa, e lo è da sempre, l'unica dottrina politica che anima le destre: il dio denaro.",SOG,SOG,Espresso, http://munafo.blogautore.espresso.repubblica.it/2021/01/19/e-questa-qui-la-destra-italiana-ed-e-sempre-stata-cosi/?ref=fbpe
7,7,"I ricchi hanno ragione, i poveri hanno torto.",SOG,SOG,Espresso, http://munafo.blogautore.espresso.repubblica.it/2021/01/19/e-questa-qui-la-destra-italiana-ed-e-sempre-stata-cosi/?ref=fbpe
7,8,"Non è una gaffe, tanto che qualche mese fa le stesse identiche cose le aveva dette anche un leghista, l'europarlamentare Angelo Ciocca, che aveva chiesto proprio di far arrivare i vaccini prima in Lombardia perchè i lombardi producono di più.",OGG,SOG,Espresso, http://munafo.blogautore.espresso.repubblica.it/2021/01/19/e-questa-qui-la-destra-italiana-ed-e-sempre-stata-cosi/?ref=fbpe
7,9,"Le persone annullate e appiattite su un solo parametro: quanto possono produrre, quanta ricchezza possono generare, quanti soldi possono far girare.",SOG,SOG,Espresso, http://munafo.blogautore.espresso.repubblica.it/2021/01/19/e-questa-qui-la-destra-italiana-ed-e-sempre-stata-cosi/?ref=fbpe
7,10,"E quindi, come rovescio della medaglia, la povert� come colpa, la disoccupazione come incapacit�, la vita ridotta alla sola dimensione del Pil.",SOG,SOG,Espresso, http://munafo.blogautore.espresso.repubblica.it/2021/01/19/e-questa-qui-la-destra-italiana-ed-e-sempre-stata-cosi/?ref=fbpe
7,11,"E allora di cosa ci stupiamo oggi, di cosa ci stiamo indignando esattamente?",OGG,SOG,Espresso, http://munafo.blogautore.espresso.repubblica.it/2021/01/19/e-questa-qui-la-destra-italiana-ed-e-sempre-stata-cosi/?ref=fbpe
7,12,"Lo scempio della sanità privata nelle ricche regioni del Nord, i soldi che girano sempre nelle tasche delle stesse persone non erano abbastanza?",SOG,SOG,Espresso, http://munafo.blogautore.espresso.repubblica.it/2021/01/19/e-questa-qui-la-destra-italiana-ed-e-sempre-stata-cosi/?ref=fbpe
7,13,A quanto pare no.,SOG,SOG,Espresso, http://munafo.blogautore.espresso.repubblica.it/2021/01/19/e-questa-qui-la-destra-italiana-ed-e-sempre-stata-cosi/?ref=fbpe
7,14,E allora grazie ancora assessora Moratti per avercelo ricordato.,SOG,SOG,Espresso, http://munafo.blogautore.espresso.repubblica.it/2021/01/19/e-questa-qui-la-destra-italiana-ed-e-sempre-stata-cosi/?ref=fbpe
15,0,"Roberto Fico da Sergio Mattarella: decisione sulla crisi di governo entro le 15, un drammatico prolungamento",SOG,OGG,Libero,https://www.liberoquotidiano.it/news/politica/26077241/roberto-fico-sergio-mattarella-crisi-governo-decisione-13.html
15,1,"Quel che è fatto, è fatto.",OGG,OGG,Libero,https://www.liberoquotidiano.it/news/politica/26077241/roberto-fico-sergio-mattarella-crisi-governo-decisione-13.html
15,2,Sergio Mattarella attende in giornata il presidente della Camera Roberto Fico a cui ha affidato il mandato esplorativo.,OGG,OGG,Libero,https://www.liberoquotidiano.it/news/politica/26077241/roberto-fico-sergio-mattarella-crisi-governo-decisione-13.html
15,3,Il grillino potrebbe salire al Colle già nel pomeriggio o in serata.,OGG,OGG,Libero,https://www.liberoquotidiano.it/news/politica/26077241/roberto-fico-sergio-mattarella-crisi-governo-decisione-13.html
15,4,"Prima, però, le tenterà tutte.",OGG,OGG,Libero,https://www.liberoquotidiano.it/news/politica/26077241/roberto-fico-sergio-mattarella-crisi-governo-decisione-13.html
15,5,"Alle 9 infatti il pentastellato ha ripreso il tavolo sul cronoprogramma avviato a Montecitorio, ma entro le 15 dovrà trovare una soluzione.",OGG,OGG,Libero,https://www.liberoquotidiano.it/news/politica/26077241/roberto-fico-sergio-mattarella-crisi-governo-decisione-13.html
15,6,Stando alle parole di Ivan Scalfarotto Italia Viva ha fatto le barricate e non è intenzionata a cambiare idea.,OGG,OGG,Libero,https://www.liberoquotidiano.it/news/politica/26077241/roberto-fico-sergio-mattarella-crisi-governo-decisione-13.html
15,7,"Non sono così sicuro che sia certo un Conte ter, stiamo ancora discutendo,",SOG,OGG,Libero,https://www.liberoquotidiano.it/news/politica/26077241/roberto-fico-sergio-mattarella-crisi-governo-decisione-13.html
15,8,ha detto chiaro e tondo il parlamentare renziano ad Agorà su Rai 3.,OGG,OGG,Libero,https://www.liberoquotidiano.it/news/politica/26077241/roberto-fico-sergio-mattarella-crisi-governo-decisione-13.html
15,9,"A fargli eco Teresa Bellanova, anche lei come Scalfarotto dimissionaria:",OGG,OGG,Libero,https://www.liberoquotidiano.it/news/politica/26077241/roberto-fico-sergio-mattarella-crisi-governo-decisione-13.html
15,10,Conte punto di partenza e arrivo per il Pd?,OGG,OGG,Libero,https://www.liberoquotidiano.it/news/politica/26077241/roberto-fico-sergio-mattarella-crisi-governo-decisione-13.html
15,11,Beati loro che hanno solo questo problema.,SOG,OGG,Libero,https://www.liberoquotidiano.it/news/politica/26077241/roberto-fico-sergio-mattarella-crisi-governo-decisione-13.html
15,12,"Per noi il problema, ad esempio, è la giustizia",SOG,OGG,Libero,https://www.liberoquotidiano.it/news/politica/26077241/roberto-fico-sergio-mattarella-crisi-governo-decisione-13.html
15,13,ha tuonato ai microfoni di Omnibus su La7.,OGG,OGG,Libero,https://www.liberoquotidiano.it/news/politica/26077241/roberto-fico-sergio-mattarella-crisi-governo-decisione-13.html
15,14,"Noi ci poniamo il problema dell'economia, abbiamo perso 440mila posti di lavoro.",SOG,OGG,Libero,https://www.liberoquotidiano.it/news/politica/26077241/roberto-fico-sergio-mattarella-crisi-governo-decisione-13.html
15,15,I dossier caldi?,OGG,OGG,Libero,https://www.liberoquotidiano.it/news/politica/26077241/roberto-fico-sergio-mattarella-crisi-governo-decisione-13.html
15,16,La giustizia e il Recovery.,OGG,OGG,Libero,https://www.liberoquotidiano.it/news/politica/26077241/roberto-fico-sergio-mattarella-crisi-governo-decisione-13.html
15,17,Gualtieri e Bonafede devono andare via?,OGG,OGG,Libero,https://www.liberoquotidiano.it/news/politica/26077241/roberto-fico-sergio-mattarella-crisi-governo-decisione-13.html
15,18,Al recovery hanno lavorato in tanti.,OGG,OGG,Libero,https://www.liberoquotidiano.it/news/politica/26077241/roberto-fico-sergio-mattarella-crisi-governo-decisione-13.html
15,19,"D'altronde non è una novità che Matteo Renzi su Giuseppe Conte, Roberto Gualtieri e Alfonso Bonafede abbia posto un veto.",SOG,OGG,Libero,https://www.liberoquotidiano.it/news/politica/26077241/roberto-fico-sergio-mattarella-crisi-governo-decisione-13.html
15,20,Anche se non lo ammette.,SOG,OGG,Libero,https://www.liberoquotidiano.it/news/politica/26077241/roberto-fico-sergio-mattarella-crisi-governo-decisione-13.html
15,21,A chiedere che si faccia presto c'è anche Matteo Salvini.,OGG,OGG,Libero,https://www.liberoquotidiano.it/news/politica/26077241/roberto-fico-sergio-mattarella-crisi-governo-decisione-13.html
15,22,Il leader della Lega si è appellato direttamente al presidente della Repubblica:,OGG,OGG,Libero,https://www.liberoquotidiano.it/news/politica/26077241/roberto-fico-sergio-mattarella-crisi-governo-decisione-13.html
15,23,"Se c'è un esecutivo lo dicano entro oggi, altrimenti si vada a votare, la parola passi agli italiani.",SOG,OGG,Libero,https://www.liberoquotidiano.it/news/politica/26077241/roberto-fico-sergio-mattarella-crisi-governo-decisione-13.html
15,24,"Ma non avevano detto di fare presto, che non si poteva perdere tempo?",SOG,OGG,Libero,https://www.liberoquotidiano.it/news/politica/26077241/roberto-fico-sergio-mattarella-crisi-governo-decisione-13.html
15,25,"Penso che alla fine si metteranno d'accordo, con qualche ministero in più o in meno, con tutti che andranno in tv a dire di aver vinto, con qualche virgola in più, e gli italiani hanno perso mesi.",SOG,OGG,Libero,https://www.liberoquotidiano.it/news/politica/26077241/roberto-fico-sergio-mattarella-crisi-governo-decisione-13.html
17,0,"Rocco Casalino, l'accusa di Augusto Minzolini:",OGG,SOG,Libero,https://www.liberoquotidiano.it/news/personaggi/26076673/rocco-casalino-augusto-minzolini-servizi-rai-confezionati-contro-matteo-renzi.html
17,1,Servizi confezionati 'ad hoc' contro Renzi inviati alla Rai,OGG,SOG,Libero,https://www.liberoquotidiano.it/news/personaggi/26076673/rocco-casalino-augusto-minzolini-servizi-rai-confezionati-contro-matteo-renzi.html
17,2,Rocco Casalino maestro della comunicazione.,SOG,SOG,Libero,https://www.liberoquotidiano.it/news/personaggi/26076673/rocco-casalino-augusto-minzolini-servizi-rai-confezionati-contro-matteo-renzi.html
17,3,"Il portavoce di Giuseppe Conte sa bene che se il premier se ne torna a casa, lui è il primo a seguirlo.",OGG,SOG,Libero,https://www.liberoquotidiano.it/news/personaggi/26076673/rocco-casalino-augusto-minzolini-servizi-rai-confezionati-contro-matteo-renzi.html
17,4,E così in queste concitate ore al capo ufficio stampa di Palazzo Chigi non rimane che tentarle tutte in quello che sa meglio fare: indirizzare i consensi,SOG,SOG,Libero,https://www.liberoquotidiano.it/news/personaggi/26076673/rocco-casalino-augusto-minzolini-servizi-rai-confezionati-contro-matteo-renzi.html
17,5,O così spera.,SOG,SOG,Libero,https://www.liberoquotidiano.it/news/personaggi/26076673/rocco-casalino-augusto-minzolini-servizi-rai-confezionati-contro-matteo-renzi.html
17,6,Dopo l'ammissione di servizi preconfezionati a favore del premier e inviati a Viale Mazzini.,SOG,SOG,Libero,https://www.liberoquotidiano.it/news/personaggi/26076673/rocco-casalino-augusto-minzolini-servizi-rai-confezionati-contro-matteo-renzi.html
17,7,Ecco che Augusto Minzolini porta allo scoperto un'altra ridicola tattica.,SOG,SOG,Libero,https://www.liberoquotidiano.it/news/personaggi/26076673/rocco-casalino-augusto-minzolini-servizi-rai-confezionati-contro-matteo-renzi.html
17,8,Ci sarebbero delle email,SOG,SOG,Libero,https://www.liberoquotidiano.it/news/personaggi/26076673/rocco-casalino-augusto-minzolini-servizi-rai-confezionati-contro-matteo-renzi.html
17,9,scrive il retroscenista sul Giornale,OGG,SOG,Libero,https://www.liberoquotidiano.it/news/personaggi/26076673/rocco-casalino-augusto-minzolini-servizi-rai-confezionati-contro-matteo-renzi.html
17,10,"che tirerebbero in ballo Roccobello Casalino, portavoce del premier, per alcuni servizi confezionati 'ad hoc' contro Renzi in alcune trasmissioni del servizio pubblico.",OGG,SOG,Libero,https://www.liberoquotidiano.it/news/personaggi/26076673/rocco-casalino-augusto-minzolini-servizi-rai-confezionati-contro-matteo-renzi.html
17,11,Dietro all'invano tentativo perseguito dall'ex concorrente del Grande Fratello Vip le quotazioni.,OGG,SOG,Libero,https://www.liberoquotidiano.it/news/personaggi/26076673/rocco-casalino-augusto-minzolini-servizi-rai-confezionati-contro-matteo-renzi.html
17,12,Quest'ultime all'ora di pranzo le quotazioni sembravano vedere il leader di Italia Viva in vantaggio.,OGG,SOG,Libero,https://www.liberoquotidiano.it/news/personaggi/26076673/rocco-casalino-augusto-minzolini-servizi-rai-confezionati-contro-matteo-renzi.html
17,13,In queste ore se debbo essere serio stanno salendo le chance di Draghi.,SOG,SOG,Libero,https://www.liberoquotidiano.it/news/personaggi/26076673/rocco-casalino-augusto-minzolini-servizi-rai-confezionati-contro-matteo-renzi.html
17,14,"Solo che è un'ipotesi da maneggiare con cura, perché è l'unico missile che ho,",SOG,SOG,Libero,https://www.liberoquotidiano.it/news/personaggi/26076673/rocco-casalino-augusto-minzolini-servizi-rai-confezionati-contro-matteo-renzi.html
17,15,si prodigava a dire ai suoi il rottamatore.,OGG,SOG,Libero,https://www.liberoquotidiano.it/news/personaggi/26076673/rocco-casalino-augusto-minzolini-servizi-rai-confezionati-contro-matteo-renzi.html
17,16,Ma alle cinque del pomeriggio qualcosa sembra essere cambiato.,SOG,SOG,Libero,https://www.liberoquotidiano.it/news/personaggi/26076673/rocco-casalino-augusto-minzolini-servizi-rai-confezionati-contro-matteo-renzi.html
17,17,"Siamo tornati in parità tra l'ex presidente della Bce e Giuseppe Conte: 'cinquanta e cinquanta',",SOG,SOG,Libero,https://www.liberoquotidiano.it/news/personaggi/26076673/rocco-casalino-augusto-minzolini-servizi-rai-confezionati-contro-matteo-renzi.html
17,18,riporta Minzolini,OGG,SOG,Libero,https://www.liberoquotidiano.it/news/personaggi/26076673/rocco-casalino-augusto-minzolini-servizi-rai-confezionati-contro-matteo-renzi.html
17,19,"Nei pronostici del leader di Italia Viva l'ipotesi del Conte Ter non è mai stata in vantaggio, ma forse proprio per questo potrebbe finire così.",SOG,SOG,Libero,https://www.liberoquotidiano.it/news/personaggi/26076673/rocco-casalino-augusto-minzolini-servizi-rai-confezionati-contro-matteo-renzi.html
17,20,"Chissà, certo è che le ultime discussioni non aiutano.",SOG,SOG,Libero,https://www.liberoquotidiano.it/news/personaggi/26076673/rocco-casalino-augusto-minzolini-servizi-rai-confezionati-contro-matteo-renzi.html
17,21,La riunione indetta da Roberto Fico per trovare un cronoprogramma e sigillare il terzo esecutivo Conte si è conclusa con un nulla di fatto.,OGG,SOG,Libero,https://www.liberoquotidiano.it/news/personaggi/26076673/rocco-casalino-augusto-minzolini-servizi-rai-confezionati-contro-matteo-renzi.html
17,22,"Anzi, ancora una volta Pd, Movimento 5 Stelle e Italia Viva si sono mostrati divisi su tutto.",OGG,SOG,Libero,https://www.liberoquotidiano.it/news/personaggi/26076673/rocco-casalino-augusto-minzolini-servizi-rai-confezionati-contro-matteo-renzi.html
17,23,Un piccolo dettaglio che non può far dormire sonni tranquilli il presidente del Consiglio.,OGG,SOG,Libero,https://www.liberoquotidiano.it/news/personaggi/26076673/rocco-casalino-augusto-minzolini-servizi-rai-confezionati-contro-matteo-renzi.html
23,0,Laboratorio Israele: vaccinato uno su tre.,OGG,OGG,Corriere,https://www.corriere.it/esteri/21_febbraio_02/vaccini-covid-caso-israele-soli-40-giorni-su-tre-vaccinato-8d6ddaa8-6548-11eb-a6ae-1ce6c0f0a691.shtml
23,1,I primi effetti sugli over 65: contagi e ricoveri in picchiata,OGG,OGG,Corriere,https://www.corriere.it/esteri/21_febbraio_02/vaccini-covid-caso-israele-soli-40-giorni-su-tre-vaccinato-8d6ddaa8-6548-11eb-a6ae-1ce6c0f0a691.shtml
23,2,La magia sta cominciando,SOG,OGG,Corriere,https://www.corriere.it/esteri/21_febbraio_02/vaccini-covid-caso-israele-soli-40-giorni-su-tre-vaccinato-8d6ddaa8-6548-11eb-a6ae-1ce6c0f0a691.shtml
23,3,twitta un ricercatore dell’Istituto Weizmann.,OGG,OGG,Corriere,https://www.corriere.it/esteri/21_febbraio_02/vaccini-covid-caso-israele-soli-40-giorni-su-tre-vaccinato-8d6ddaa8-6548-11eb-a6ae-1ce6c0f0a691.shtml
23,4,Il governo punta a immunizzare i due terzi della popolazione entro fine marzo.,OGG,OGG,Corriere,https://www.corriere.it/esteri/21_febbraio_02/vaccini-covid-caso-israele-soli-40-giorni-su-tre-vaccinato-8d6ddaa8-6548-11eb-a6ae-1ce6c0f0a691.shtml
23,5,Perché i dati israeliani sono importanti per tutto il mondo,SOG,OGG,Corriere,https://www.corriere.it/esteri/21_febbraio_02/vaccini-covid-caso-israele-soli-40-giorni-su-tre-vaccinato-8d6ddaa8-6548-11eb-a6ae-1ce6c0f0a691.shtml
23,6,Le code davanti alle cliniche per le vaccinazioni sono ormai sparite.,OGG,OGG,Corriere,https://www.corriere.it/esteri/21_febbraio_02/vaccini-covid-caso-israele-soli-40-giorni-su-tre-vaccinato-8d6ddaa8-6548-11eb-a6ae-1ce6c0f0a691.shtml
23,7,"Nessuno prova più a passare davanti agli altri per ottenere la puntura, restano le transenne messe giù dalla polizia nei primi giorni della campagna.",OGG,OGG,Corriere,https://www.corriere.it/esteri/21_febbraio_02/vaccini-covid-caso-israele-soli-40-giorni-su-tre-vaccinato-8d6ddaa8-6548-11eb-a6ae-1ce6c0f0a691.shtml
23,8,"Oltre 3 milioni di israeliani (su 9,2) hanno già ricevuto la prima dose, 1,8 anche la seconda: il ministero della Sanità punta a immunizzare i due terzi della popolazione (esclusi i minori di 16 anni) entro la fine di marzo.",OGG,OGG,Corriere,https://www.corriere.it/esteri/21_febbraio_02/vaccini-covid-caso-israele-soli-40-giorni-su-tre-vaccinato-8d6ddaa8-6548-11eb-a6ae-1ce6c0f0a691.shtml
23,9,La percentuale molto alta di vaccinati permette agli scienziati di calcolare i primi risultati a 40 giorni dall’inizio delle operazioni.,OGG,OGG,Corriere,https://www.corriere.it/esteri/21_febbraio_02/vaccini-covid-caso-israele-soli-40-giorni-su-tre-vaccinato-8d6ddaa8-6548-11eb-a6ae-1ce6c0f0a691.shtml
23,10,"Eran Segal, ricercatore degll’Istituto Weizmann, ha twittato entusiasta:",OGG,OGG,Corriere,https://www.corriere.it/esteri/21_febbraio_02/vaccini-covid-caso-israele-soli-40-giorni-su-tre-vaccinato-8d6ddaa8-6548-11eb-a6ae-1ce6c0f0a691.shtml
23,11,La magia è cominciata,SOG,OGG,Corriere,https://www.corriere.it/esteri/21_febbraio_02/vaccini-covid-caso-israele-soli-40-giorni-su-tre-vaccinato-8d6ddaa8-6548-11eb-a6ae-1ce6c0f0a691.shtml
23,12,"Elenca i dati positivi tra gli over 60, i primi a essere inoculati, nelle ultime due settimane: calo del 35 per cento di nuovi contagiati dal Covid19, meno 30 per cento di ricoveri, meno 20 per cento di malati gravi.",OGG,OGG,Corriere,https://www.corriere.it/esteri/21_febbraio_02/vaccini-covid-caso-israele-soli-40-giorni-su-tre-vaccinato-8d6ddaa8-6548-11eb-a6ae-1ce6c0f0a691.shtml
23,13,Fa notare che questi numeri sono migliori che in generazioni più giovani e non erano stati raggiunti neppure con il lockdown precedente.,OGG,OGG,Corriere,https://www.corriere.it/esteri/21_febbraio_02/vaccini-covid-caso-israele-soli-40-giorni-su-tre-vaccinato-8d6ddaa8-6548-11eb-a6ae-1ce6c0f0a691.shtml
23,14,"Il Paese resta chiuso almeno fino a venerdì, isolato dal resto del mondo (i voli in ingresso e uscita bloccati).",OGG,OGG,Corriere,https://www.corriere.it/esteri/21_febbraio_02/vaccini-covid-caso-israele-soli-40-giorni-su-tre-vaccinato-8d6ddaa8-6548-11eb-a6ae-1ce6c0f0a691.shtml
23,15,"Perché, nonostante il record nelle vaccinazioni, preoccupano le varianti inglese e brasiliana.",OGG,OGG,Corriere,https://www.corriere.it/esteri/21_febbraio_02/vaccini-covid-caso-israele-soli-40-giorni-su-tre-vaccinato-8d6ddaa8-6548-11eb-a6ae-1ce6c0f0a691.shtml
23,16,"Gili RegevYochay, direttrice dell’unità di epidemiologia all’ospedale Sheba, avverte che con queste mutazioni del Coronavirus in circolazione una percentuale più alta della popolazione (l’8090 per cento) deve essere vaccinata per raggiungere l’immunità di gregge.",OGG,OGG,Corriere,https://www.corriere.it/esteri/21_febbraio_02/vaccini-covid-caso-israele-soli-40-giorni-su-tre-vaccinato-8d6ddaa8-6548-11eb-a6ae-1ce6c0f0a691.shtml
23,17,Fino ad ora i calcoli sono stati eseguiti escludendo dalla campagna i minori di 16 anni (un terzo del totale) e secondo la professoressa RegevYochay,OGG,OGG,Corriere,https://www.corriere.it/esteri/21_febbraio_02/vaccini-covid-caso-israele-soli-40-giorni-su-tre-vaccinato-8d6ddaa8-6548-11eb-a6ae-1ce6c0f0a691.shtml
23,18,sarà inevitabile vaccinare anche loro,SOG,OGG,Corriere,https://www.corriere.it/esteri/21_febbraio_02/vaccini-covid-caso-israele-soli-40-giorni-su-tre-vaccinato-8d6ddaa8-6548-11eb-a6ae-1ce6c0f0a691.shtml
23,19,In ogni caso gli israeliani dovranno indossare le mascherine almeno fino all’estate,OGG,OGG,Corriere,https://www.corriere.it/esteri/21_febbraio_02/vaccini-covid-caso-israele-soli-40-giorni-su-tre-vaccinato-8d6ddaa8-6548-11eb-a6ae-1ce6c0f0a691.shtml
23,20,Domenica sono stati registrati ancora 5140 nuovi casi (su 55 mila test) e i morti totali hanno raggiunto i 4804 dei quali il 30 per cento in gennaio.,OGG,OGG,Corriere,https://www.corriere.it/esteri/21_febbraio_02/vaccini-covid-caso-israele-soli-40-giorni-su-tre-vaccinato-8d6ddaa8-6548-11eb-a6ae-1ce6c0f0a691.shtml
23,21,Così gli epidemiologi premono sul governo per non affrettare l’uscita dalla quarantena nazionale (che è già durata un mese) e spiegano:,OGG,OGG,Corriere,https://www.corriere.it/esteri/21_febbraio_02/vaccini-covid-caso-israele-soli-40-giorni-su-tre-vaccinato-8d6ddaa8-6548-11eb-a6ae-1ce6c0f0a691.shtml
23,22,Le vaccinazioni da sole non garantiscono la vittoria sulla pandemia,SOG,OGG,Corriere,https://www.corriere.it/esteri/21_febbraio_02/vaccini-covid-caso-israele-soli-40-giorni-su-tre-vaccinato-8d6ddaa8-6548-11eb-a6ae-1ce6c0f0a691.shtml
26,0,"Governo, la trattativa si complica",OGG,OGG,Corriere,https://www.corriere.it/politica/21_febbraio_01/governo-trattativa-si-complica-nuove-condizioni-renzi-d798cf3c-64d2-11eb-aad7-ece6884524fa.shtml?cx_testId=11&cx_testVariant=cx_1&cx_artPos=0#cxrecs_s
26,1,Nuove condizioni di Renzi,OGG,OGG,Corriere,https://www.corriere.it/politica/21_febbraio_01/governo-trattativa-si-complica-nuove-condizioni-renzi-d798cf3c-64d2-11eb-aad7-ece6884524fa.shtml?cx_testId=11&cx_testVariant=cx_1&cx_artPos=0#cxrecs_s
26,2,"Si arena il tavolo sul programma, resta il nodo del premier.",OGG,OGG,Corriere,https://www.corriere.it/politica/21_febbraio_01/governo-trattativa-si-complica-nuove-condizioni-renzi-d798cf3c-64d2-11eb-aad7-ece6884524fa.shtml?cx_testId=11&cx_testVariant=cx_1&cx_artPos=0#cxrecs_s
26,3,Italia viva non vuole un bis bis ma un super rimpasto.,OGG,OGG,Corriere,https://www.corriere.it/politica/21_febbraio_01/governo-trattativa-si-complica-nuove-condizioni-renzi-d798cf3c-64d2-11eb-aad7-ece6884524fa.shtml?cx_testId=11&cx_testVariant=cx_1&cx_artPos=0#cxrecs_s
26,4,Pd e 5 Stelle non mollano Conte,OGG,OGG,Corriere,https://www.corriere.it/politica/21_febbraio_01/governo-trattativa-si-complica-nuove-condizioni-renzi-d798cf3c-64d2-11eb-aad7-ece6884524fa.shtml?cx_testId=11&cx_testVariant=cx_1&cx_artPos=0#cxrecs_s
26,5,A tarda sera dal Nazareno e dal quartier generale grillino giungono notizie tranquillizzanti per il premier: Italia viva è pronta all’accordo sul Conte ter in cambio di tre ministeri.,OGG,OGG,Corriere,https://www.corriere.it/politica/21_febbraio_01/governo-trattativa-si-complica-nuove-condizioni-renzi-d798cf3c-64d2-11eb-aad7-ece6884524fa.shtml?cx_testId=11&cx_testVariant=cx_1&cx_artPos=0#cxrecs_s
26,6,Peccato che da Iv rispondano: Falso.,SOG,OGG,Corriere,https://www.corriere.it/politica/21_febbraio_01/governo-trattativa-si-complica-nuove-condizioni-renzi-d798cf3c-64d2-11eb-aad7-ece6884524fa.shtml?cx_testId=11&cx_testVariant=cx_1&cx_artPos=0#cxrecs_s
26,7,In realtà la trattativa non sembra fare mezzo passo avanti.,SOG,OGG,Corriere,https://www.corriere.it/politica/21_febbraio_01/governo-trattativa-si-complica-nuove-condizioni-renzi-d798cf3c-64d2-11eb-aad7-ece6884524fa.shtml?cx_testId=11&cx_testVariant=cx_1&cx_artPos=0#cxrecs_s
26,8,È tutto fermo,SOG,OGG,Corriere,https://www.corriere.it/politica/21_febbraio_01/governo-trattativa-si-complica-nuove-condizioni-renzi-d798cf3c-64d2-11eb-aad7-ece6884524fa.shtml?cx_testId=11&cx_testVariant=cx_1&cx_artPos=0#cxrecs_s
26,9,"Pd e 5 Stelle non mollano Conte, Matteo Renzi non molla la possibilità di rimandarlo all’Università.",OGG,OGG,Corriere,https://www.corriere.it/politica/21_febbraio_01/governo-trattativa-si-complica-nuove-condizioni-renzi-d798cf3c-64d2-11eb-aad7-ece6884524fa.shtml?cx_testId=11&cx_testVariant=cx_1&cx_artPos=0#cxrecs_s
26,10,"Perciò il tavolo del programma con i capigruppi della maggioranza, istituito da Roberto Fico, non poteva non produrre il risultato che ha prodotto.",SOG,OGG,Corriere,https://www.corriere.it/politica/21_febbraio_01/governo-trattativa-si-complica-nuove-condizioni-renzi-d798cf3c-64d2-11eb-aad7-ece6884524fa.shtml?cx_testId=11&cx_testVariant=cx_1&cx_artPos=0#cxrecs_s
26,11,Cioè pressoché zero.,SOG,OGG,Corriere,https://www.corriere.it/politica/21_febbraio_01/governo-trattativa-si-complica-nuove-condizioni-renzi-d798cf3c-64d2-11eb-aad7-ece6884524fa.shtml?cx_testId=11&cx_testVariant=cx_1&cx_artPos=0#cxrecs_s
26,12,E il contratto di governo è stato derubricato a bozza e non sarà firmato da nessuno.,OGG,OGG,Corriere,https://www.corriere.it/politica/21_febbraio_01/governo-trattativa-si-complica-nuove-condizioni-renzi-d798cf3c-64d2-11eb-aad7-ece6884524fa.shtml?cx_testId=11&cx_testVariant=cx_1&cx_artPos=0#cxrecs_s
26,13,"Pd, 5 Stelle e responsabili temono infatti che, una volta ufficializzato quel documento, Iv possa dire: bene, avendo un programma, chiunque potrà guidare il nuovo governo, non necessariamente Conte giacché, come sottolinea Teresa Bellanova",OGG,OGG,Corriere,https://www.corriere.it/politica/21_febbraio_01/governo-trattativa-si-complica-nuove-condizioni-renzi-d798cf3c-64d2-11eb-aad7-ece6884524fa.shtml?cx_testId=11&cx_testVariant=cx_1&cx_artPos=0#cxrecs_s
26,14,nessuno è blindato.,SOG,OGG,Corriere,https://www.corriere.it/politica/21_febbraio_01/governo-trattativa-si-complica-nuove-condizioni-renzi-d798cf3c-64d2-11eb-aad7-ece6884524fa.shtml?cx_testId=11&cx_testVariant=cx_1&cx_artPos=0#cxrecs_s
26,15,Vedo il Conte ter ancora lontano,SOG,OGG,Corriere,https://www.corriere.it/politica/21_febbraio_01/governo-trattativa-si-complica-nuove-condizioni-renzi-d798cf3c-64d2-11eb-aad7-ece6884524fa.shtml?cx_testId=11&cx_testVariant=cx_1&cx_artPos=0#cxrecs_s
26,16,confida a un gruppo di fedelissimi Renzi.,OGG,OGG,Corriere,https://www.corriere.it/politica/21_febbraio_01/governo-trattativa-si-complica-nuove-condizioni-renzi-d798cf3c-64d2-11eb-aad7-ece6884524fa.shtml?cx_testId=11&cx_testVariant=cx_1&cx_artPos=0#cxrecs_s
26,17,La verità è che la sfilza di no ricevuti ieri da Iv complica la trattativa per un terzo tentativo del premier.,SOG,OGG,Corriere,https://www.corriere.it/politica/21_febbraio_01/governo-trattativa-si-complica-nuove-condizioni-renzi-d798cf3c-64d2-11eb-aad7-ece6884524fa.shtml?cx_testId=11&cx_testVariant=cx_1&cx_artPos=0#cxrecs_s
26,18,Da parte nostra c’è la volontà di trovare un accordo.,SOG,OGG,Corriere,https://www.corriere.it/politica/21_febbraio_01/governo-trattativa-si-complica-nuove-condizioni-renzi-d798cf3c-64d2-11eb-aad7-ece6884524fa.shtml?cx_testId=11&cx_testVariant=cx_1&cx_artPos=0#cxrecs_s
26,19,Spiega il leader ai suoi,OGG,OGG,Corriere,https://www.corriere.it/politica/21_febbraio_01/governo-trattativa-si-complica-nuove-condizioni-renzi-d798cf3c-64d2-11eb-aad7-ece6884524fa.shtml?cx_testId=11&cx_testVariant=cx_1&cx_artPos=0#cxrecs_s
26,20,Non vogliamo far saltare la trattativa.,SOG,OGG,Corriere,https://www.corriere.it/politica/21_febbraio_01/governo-trattativa-si-complica-nuove-condizioni-renzi-d798cf3c-64d2-11eb-aad7-ece6884524fa.shtml?cx_testId=11&cx_testVariant=cx_1&cx_artPos=0#cxrecs_s
26,21,Però Pd e 5 Stelle sono arroccati su Conte.,OGG,OGG,Corriere,https://www.corriere.it/politica/21_febbraio_01/governo-trattativa-si-complica-nuove-condizioni-renzi-d798cf3c-64d2-11eb-aad7-ece6884524fa.shtml?cx_testId=11&cx_testVariant=cx_1&cx_artPos=0#cxrecs_s
26,22,"Non solo, non vogliono cambiare niente, né l’Economia, né gli Esteri, sono pronti a cedere solo sulla Giustizia.",OGG,OGG,Corriere,https://www.corriere.it/politica/21_febbraio_01/governo-trattativa-si-complica-nuove-condizioni-renzi-d798cf3c-64d2-11eb-aad7-ece6884524fa.shtml?cx_testId=11&cx_testVariant=cx_1&cx_artPos=0#cxrecs_s
26,23,È una posizione inspiegabile.,SOG,OGG,Corriere,https://www.corriere.it/politica/21_febbraio_01/governo-trattativa-si-complica-nuove-condizioni-renzi-d798cf3c-64d2-11eb-aad7-ece6884524fa.shtml?cx_testId=11&cx_testVariant=cx_1&cx_artPos=0#cxrecs_s
26,24,"Sembra che vogliano fare il Conte bis bis, nemmeno il Conte ter.",SOG,OGG,Corriere,https://www.corriere.it/politica/21_febbraio_01/governo-trattativa-si-complica-nuove-condizioni-renzi-d798cf3c-64d2-11eb-aad7-ece6884524fa.shtml?cx_testId=11&cx_testVariant=cx_1&cx_artPos=0#cxrecs_s
26,25,Come possono pensare che così si trovi una quadra?,SOG,OGG,Corriere,https://www.corriere.it/politica/21_febbraio_01/governo-trattativa-si-complica-nuove-condizioni-renzi-d798cf3c-64d2-11eb-aad7-ece6884524fa.shtml?cx_testId=11&cx_testVariant=cx_1&cx_artPos=0#cxrecs_s
26,26,È veramente ben strano.,SOG,OGG,Corriere,https://www.corriere.it/politica/21_febbraio_01/governo-trattativa-si-complica-nuove-condizioni-renzi-d798cf3c-64d2-11eb-aad7-ece6884524fa.shtml?cx_testId=11&cx_testVariant=cx_1&cx_artPos=0#cxrecs_s
26,27,"Io preferirei un governo politico, ma se si va avanti così sarà un governo istituzionale.",SOG,OGG,Corriere,https://www.corriere.it/politica/21_febbraio_01/governo-trattativa-si-complica-nuove-condizioni-renzi-d798cf3c-64d2-11eb-aad7-ece6884524fa.shtml?cx_testId=11&cx_testVariant=cx_1&cx_artPos=0#cxrecs_s
26,28,Nella chat del gruppo scrive suppergiù le stesse cose ma più diplomaticamente.,OGG,OGG,Corriere,https://www.corriere.it/politica/21_febbraio_01/governo-trattativa-si-complica-nuove-condizioni-renzi-d798cf3c-64d2-11eb-aad7-ece6884524fa.shtml?cx_testId=11&cx_testVariant=cx_1&cx_artPos=0#cxrecs_s
27,0,42.000 nuove case in cinque distretti residenziali.,OGG,OGG,Beppe Grillo,https://www.beppegrillo.it/la-citta-foresta-intelligente-di-singapore/
27,1,E’ questo il progetto  dell’ecocittà di Tengah (in malese vuol dire centro) che il governo di Singapore sta costruendo.,OGG,OGG,Beppe Grillo,https://www.beppegrillo.it/la-citta-foresta-intelligente-di-singapore/
27,2,"Una città sostenibile, senza auto, progettata pensando a pedoni e ciclisti, con raccolta rifiuti automatizzata, e soprannominata dai progettisti città foresta, per la sua abbondante vegetazione.",OGG,OGG,Beppe Grillo,https://www.beppegrillo.it/la-citta-foresta-intelligente-di-singapore/
27,3,"Chong Fook Loong, direttore dell’agenzia che supervisiona l’edilizia pubblica del paese ha dichiarato che Tengah sarà una lavagna pulita.",OGG,OGG,Beppe Grillo,https://www.beppegrillo.it/la-citta-foresta-intelligente-di-singapore/
27,4,"Strade, parcheggi e servizi pubblici saranno sotto il centro della città.",OGG,OGG,Beppe Grillo,https://www.beppegrillo.it/la-citta-foresta-intelligente-di-singapore/
27,5,"Stiamo perseguendo il concetto ideale di segregazione del traffico, tutto sotto terra e il livello del suolo completamente libero per le persone.",SOG,OGG,Beppe Grillo,https://www.beppegrillo.it/la-citta-foresta-intelligente-di-singapore/
27,6,Un ambiente molto sicuro per tutti.,SOG,OGG,Beppe Grillo,https://www.beppegrillo.it/la-citta-foresta-intelligente-di-singapore/
27,7,Vogliamo una città che consenta di camminare e andare in bicicletta in modo facile,SOG,OGG,Beppe Grillo,https://www.beppegrillo.it/la-citta-foresta-intelligente-di-singapore/
27,8,"ha aggiunto, dicendo che il ciclismo è decollato a Singapore negli ultimi cinque anni.",OGG,OGG,Beppe Grillo,https://www.beppegrillo.it/la-citta-foresta-intelligente-di-singapore/
27,9,"Il piano generale vedrà l’installazione di stazioni di ricarica per veicoli elettrici, mentre le strade saranno a prova di futuro per accogliere le tecnologie emergenti.",OGG,OGG,Beppe Grillo,https://www.beppegrillo.it/la-citta-foresta-intelligente-di-singapore/
27,10,"Per la pianificazione della rete stradale, il governo ha previsto un futuro in cui i veicoli autonomi e i veicoli a guida autonoma diventeranno una realtà.",OGG,OGG,Beppe Grillo,https://www.beppegrillo.it/la-citta-foresta-intelligente-di-singapore/
27,11,"Con una popolazione di meno di 6 milioni di persone, le emissioni pro capite di Singapore sono superiori a quelle del Regno Unito, della Cina e della vicina Malesia, secondo il National Climate Change Secretariat .",OGG,OGG,Beppe Grillo,https://www.beppegrillo.it/la-citta-foresta-intelligente-di-singapore/
27,12,"Ciò è dovuto, in parte, all’aria condizionata, che rappresenta più di un terzo del consumo energetico delle famiglie.",OGG,OGG,Beppe Grillo,https://www.beppegrillo.it/la-citta-foresta-intelligente-di-singapore/
27,13,Il riscaldamento globale non farà che esacerbare questa dipendenza.,OGG,OGG,Beppe Grillo,https://www.beppegrillo.it/la-citta-foresta-intelligente-di-singapore/
27,14,"Il Meteorological Service Singapore ha previsto che, entro la fine di questo secolo, le temperature medie giornaliere nella cittàstato potrebbero essere di almeno 34,1 gradi Celsius (93,4 gradi Fahrenheit) quasi ogni giorno durante gli otto mesi più caldi del anno.",OGG,OGG,Beppe Grillo,https://www.beppegrillo.it/la-citta-foresta-intelligente-di-singapore/
27,15,"Invece di demonizzare l’aria condizionata, i progettisti di Tengah hanno cercato di reimmaginarla.",OGG,OGG,Beppe Grillo,https://www.beppegrillo.it/la-citta-foresta-intelligente-di-singapore/
27,16,Il raffreddamento sarà centralizzato.,OGG,OGG,Beppe Grillo,https://www.beppegrillo.it/la-citta-foresta-intelligente-di-singapore/
27,17,"L’acqua fredda, raffreddata utilizzando l’energia solare, verrà convogliata attraverso le case del distretto, il che significa che i residenti non dovranno installare condensatori esterni inefficienti (sebbene possano ancora controllare la temperatura nei propri appartamenti).",OGG,OGG,Beppe Grillo,https://www.beppegrillo.it/la-citta-foresta-intelligente-di-singapore/
27,18,Ciò genererà un risparmio di anidride carbonica equivalente a togliere 4.500 auto dalle strade ogni anno.,OGG,OGG,Beppe Grillo,https://www.beppegrillo.it/la-citta-foresta-intelligente-di-singapore/
27,19,"I progettisti hanno simulato il flusso del vento e il guadagno di calore in tutta la città, contribuendo a ridurre il cosiddetto effetto isola di calore (un microclima più caldo all’interno delle aree urbane, rispetto alle zone periferiche e rurali.)",OGG,OGG,Beppe Grillo,https://www.beppegrillo.it/la-citta-foresta-intelligente-di-singapore/
27,20,"Le luci saranno intelligenti, si spegneranno quando gli spazi pubblici non sono occupati e la spazzatura verrà convogliata centralmente, con monitor che rileveranno quando è necessario raccogliere i rifiuti.",OGG,OGG,Beppe Grillo,https://www.beppegrillo.it/la-citta-foresta-intelligente-di-singapore/
27,21,"Invece di usare un camion per raccogliere la spazzatura, aspetteremo tutta la spazzatura attraverso il sistema pneumatico in una centrale che serve diverse aree",OGG,OGG,Beppe Grillo,https://www.beppegrillo.it/la-citta-foresta-intelligente-di-singapore/
27,22,ha detto Chong.,OGG,OGG,Beppe Grillo,https://www.beppegrillo.it/la-citta-foresta-intelligente-di-singapore/
27,23,"Di tanto in tanto, il camion della spazzatura dovrà solo raccogliere dalla centrale.",OGG,OGG,Beppe Grillo,https://www.beppegrillo.it/la-citta-foresta-intelligente-di-singapore/
27,24,"Delle 42.000 case in costruzione, più del 70% sarà disponibile tramite il governo con contratti di locazione a lungo termine (a Singapore oltre l’80% dei residenti vive in alloggi pubblici).",OGG,OGG,Beppe Grillo,https://www.beppegrillo.it/la-citta-foresta-intelligente-di-singapore/
27,25,Tutti i residenti avranno accesso a un’app che consentirà loro di monitorare il proprio consumo di energia e acqua.,OGG,OGG,Beppe Grillo,https://www.beppegrillo.it/la-citta-foresta-intelligente-di-singapore/
27,26,"I display digitali in ogni area informeranno i cittadini del loro impatto ambientale collettivo, ciò potrebbe persino incoraggiare la concorrenza tra le aree residenziali.",OGG,OGG,Beppe Grillo,https://www.beppegrillo.it/la-citta-foresta-intelligente-di-singapore/
27,27,"Indipendentemente dal fatto che l’uso della tecnologia intelligente possa intaccare in modo significativo le emissioni di gas a effetto serra o meno, coinvolgere i residenti con i propri consumi potrebbe spingere ad un cambiamento comportamentale, secondo Perrine Hamel, assistente professore presso la Asian School of the Environment della Nanyang Technological University:",OGG,OGG,Beppe Grillo,https://www.beppegrillo.it/la-citta-foresta-intelligente-di-singapore/
27,28,Pensare al consumo di cibo e pensare al modo in cui le persone usano l’aria condizionata fa parte del raggiungimento degli obiettivi climatici.,OGG,OGG,Beppe Grillo,https://www.beppegrillo.it/la-citta-foresta-intelligente-di-singapore/
27,29,"Il cambiamento del comportamento ne sarà parte integrante e, naturalmente, il design urbano è il primo modo per influenzare e modificare il comportamento.",SOG,OGG,Beppe Grillo,https://www.beppegrillo.it/la-citta-foresta-intelligente-di-singapore/
27,30,L’integrazione della natura e delle aree residenziali è il punto su cui la città di Tengah eccelle.,SOG,OGG,Beppe Grillo,https://www.beppegrillo.it/la-citta-foresta-intelligente-di-singapore/
27,31,"Oltre all’abbondante vegetazione , foreste e giardini pubblici,  i residenti della città avranno accesso all’agricoltura collettiva (community farming) nel cosiddetto Plantation District, in cui si promuoverà e proteggerà la biodiversità.",OGG,OGG,Beppe Grillo,https://www.beppegrillo.it/la-citta-foresta-intelligente-di-singapore/
37,0,"Paura ad Amalfi, frana il costone di Vagliendola",OGG,OGG,Repubblica,https://napoli.repubblica.it/cronaca/2021/02/02/news/paura_ad_amalfi_frana_il_costone_di_vagliendola-285568936/?ref=RHTP-BH-I285540712-P1-S7-T1
37,1,"Una consistente frana ha interessato questa mattina, alle 9.40, il costone roccioso sottostante il rione di Vagliendola, ad Amalfi.",OGG,OGG,Repubblica,https://napoli.repubblica.it/cronaca/2021/02/02/news/paura_ad_amalfi_frana_il_costone_di_vagliendola-285568936/?ref=RHTP-BH-I285540712-P1-S7-T2
37,2,"Il materiale roccioso ha pericolosamente invaso la Statale Amalfitana 163, e il sottostante Lungomare di Cavalieri in località La Marinella, investendo l'imbocco del tunnel Matteo Camera e il limitrofo parcheggio del ristorante La Marinella: non ci sarebbero feriti (ma sono ancora in corso verifiche), si procede alla conta dei danni.",OGG,OGG,Repubblica,https://napoli.repubblica.it/cronaca/2021/02/02/news/paura_ad_amalfi_frana_il_costone_di_vagliendola-285568936/?ref=RHTP-BH-I285540712-P1-S7-T3
37,3,I testimoni parlano di un forte boato che ha preceduto l'evento franoso.,OGG,OGG,Repubblica,https://napoli.repubblica.it/cronaca/2021/02/02/news/paura_ad_amalfi_frana_il_costone_di_vagliendola-285568936/?ref=RHTP-BH-I285540712-P1-S7-T4
37,4,"Sembrava un terremoto,",SOG,OGG,Repubblica,https://napoli.repubblica.it/cronaca/2021/02/02/news/paura_ad_amalfi_frana_il_costone_di_vagliendola-285568936/?ref=RHTP-BH-I285540712-P1-S7-T5
37,5,racconta un passante.,OGG,OGG,Repubblica,https://napoli.repubblica.it/cronaca/2021/02/02/news/paura_ad_amalfi_frana_il_costone_di_vagliendola-285568936/?ref=RHTP-BH-I285540712-P1-S7-T6
37,6,"L'area, sulla quale insiste da tempo un forte rischio idrogeologico, era stata interessata nei primi mesi del 2020 da lavori di manutenzione messa in sicurezza effettuati dal Comune di Amalfi per un importo complessivo di 76 mila euro.",OGG,OGG,Repubblica,https://napoli.repubblica.it/cronaca/2021/02/02/news/paura_ad_amalfi_frana_il_costone_di_vagliendola-285568936/?ref=RHTP-BH-I285540712-P1-S7-T7
37,7,"Dopo le consistenti piogge dei giorni scorsi, il cedimento di queste ore: in attesa della bonifica, la Statale Amalfitana è stata chiusa al traffico veicolare, con non pochi disagi per gli automobilisti, costretti a percorsi obbligati attraverso Positano e Sorrento o Furore e Agerola.",OGG,OGG,Repubblica,https://napoli.repubblica.it/cronaca/2021/02/02/news/paura_ad_amalfi_frana_il_costone_di_vagliendola-285568936/?ref=RHTP-BH-I285540712-P1-S7-T8
37,8,Anche Amalfi è al momento spaccata in due: da diverse frazioni si può raggiungere il centro storico solo attraverso scalinate e mulattiere di montagna.,OGG,OGG,Repubblica,https://napoli.repubblica.it/cronaca/2021/02/02/news/paura_ad_amalfi_frana_il_costone_di_vagliendola-285568936/?ref=RHTP-BH-I285540712-P1-S7-T9
37,9,"Sul posto i vigili del fuoco del distaccamento di Maiori, carabinieri, polizia municipale e responsabili Anas.",OGG,OGG,Repubblica,https://napoli.repubblica.it/cronaca/2021/02/02/news/paura_ad_amalfi_frana_il_costone_di_vagliendola-285568936/?ref=RHTP-BH-I285540712-P1-S7-T10
37,10,Quattro abitazioni isolate nel quartiere di San Biagio e la strada per Positano interrotta.,OGG,OGG,Repubblica,https://napoli.repubblica.it/cronaca/2021/02/02/news/paura_ad_amalfi_frana_il_costone_di_vagliendola-285568936/?ref=RHTP-BH-I285540712-P1-S7-T11
37,11,"I veicoli provenienti da Positano e diretti ad Amalfi vengono deviati sulla ex 366 Agerolina (Valico di Chiunzi), e i veicoli provenienti da Vietri sul Mare o da Maiori in direzione Amalfi vengono deviati sulla viabilità provinciale ex 373 di Ravello.",OGG,OGG,Repubblica,https://napoli.repubblica.it/cronaca/2021/02/02/news/paura_ad_amalfi_frana_il_costone_di_vagliendola-285568936/?ref=RHTP-BH-I285540712-P1-S7-T12
37,12,"E' un disastro, un vero disastro.",SOG,OGG,Repubblica,https://napoli.repubblica.it/cronaca/2021/02/02/news/paura_ad_amalfi_frana_il_costone_di_vagliendola-285568936/?ref=RHTP-BH-I285540712-P1-S7-T13
37,13,"Così il sindaco di Amalfi, Daniele Milano, contattato dall'Adnkronos in merito alla frana che ha sommerso la strada statale 163 Amalfitana, nel tratto in cui fa ingresso nel centro abitato, e che ha coinvolto anche il lungomare nella zona cosiddetta della Marinella.",OGG,OGG,Repubblica,https://napoli.repubblica.it/cronaca/2021/02/02/news/paura_ad_amalfi_frana_il_costone_di_vagliendola-285568936/?ref=RHTP-BH-I285540712-P1-S7-T14
37,14,Abbiamo già attivato tutta la linea di emergenza,OGG,OGG,Repubblica,https://napoli.repubblica.it/cronaca/2021/02/02/news/paura_ad_amalfi_frana_il_costone_di_vagliendola-285568936/?ref=RHTP-BH-I285540712-P1-S7-T15
37,15,spiega Milano,OGG,OGG,Repubblica,https://napoli.repubblica.it/cronaca/2021/02/02/news/paura_ad_amalfi_frana_il_costone_di_vagliendola-285568936/?ref=RHTP-BH-I285540712-P1-S7-T16
37,16,"e allertato la sala operativa regionale, la Prefettura e i Vigili del Fuoco.",OGG,OGG,Repubblica,https://napoli.repubblica.it/cronaca/2021/02/02/news/paura_ad_amalfi_frana_il_costone_di_vagliendola-285568936/?ref=RHTP-BH-I285540712-P1-S7-T17
37,17,"Al momento non risultano feriti o dispersi anche se, sottolinea il sindaco,",OGG,OGG,Repubblica,https://napoli.repubblica.it/cronaca/2021/02/02/news/paura_ad_amalfi_frana_il_costone_di_vagliendola-285568936/?ref=RHTP-BH-I285540712-P1-S7-T18
37,18,il materiale franato sulla strada è imponente e nessuno in questo momento è in grado di dire se ci siano o meno persone coinvolte.,OGG,OGG,Repubblica,https://napoli.repubblica.it/cronaca/2021/02/02/news/paura_ad_amalfi_frana_il_costone_di_vagliendola-285568936/?ref=RHTP-BH-I285540712-P1-S7-T19
37,19,La prima necessità in questo momento,OGG,OGG,Repubblica,https://napoli.repubblica.it/cronaca/2021/02/02/news/paura_ad_amalfi_frana_il_costone_di_vagliendola-285568936/?ref=RHTP-BH-I285540712-P1-S7-T20
37,20,"è di mettere in sicurezza l'area e i pezzi in alto che sono a rischio di distacco, sgomberare la strada e verificare che non ci siano persone coinvolte.",OGG,OGG,Repubblica,https://napoli.repubblica.it/cronaca/2021/02/02/news/paura_ad_amalfi_frana_il_costone_di_vagliendola-285568936/?ref=RHTP-BH-I285540712-P1-S7-T21
40,0,"Una pista di ghiaccio all'Arena, così Milano fa le prove per le gare olimpiche di pattinaggio",OGG,SOG,Repubblica,https://milano.repubblica.it/cronaca/2021/02/02/news/una_pista_di_ghiaccio_all_arena_cosi_milano_fa_le_prove_per_le_gare_olimpiche_di_pattinaggio-285576944/
40,1,Il test inizierà nei prossimi giorni per rispettare la stessa finestra temporale  dal 6 al 22 febbraio  dei Giochi invernali del 2026.,OGG,SOG,Repubblica,https://milano.repubblica.it/cronaca/2021/02/02/news/una_pista_di_ghiaccio_all_arena_cosi_milano_fa_le_prove_per_le_gare_olimpiche_di_pattinaggio-285576944/
40,2,"Una sorta di esperimento che durerà un mese, con l'Arena civica trasformata in un laboratorio a cielo aperto.",OGG,SOG,Repubblica,https://milano.repubblica.it/cronaca/2021/02/02/news/una_pista_di_ghiaccio_all_arena_cosi_milano_fa_le_prove_per_le_gare_olimpiche_di_pattinaggio-285576944/
40,3,"È qui, senza coinvolgere (per ora) la pista di atletica appena riqualificata, che verrà ricreato un rettangolo di ghiaccio delle stesse dimensioni (60 metri per 30) di un campo da hockey.",OGG,SOG,Repubblica,https://milano.repubblica.it/cronaca/2021/02/02/news/una_pista_di_ghiaccio_all_arena_cosi_milano_fa_le_prove_per_le_gare_olimpiche_di_pattinaggio-285576944/
40,4,"Obiettivo dei tecnici del Cio, il Comitato olimpico internazionale, e della Federazione mondiale di pattinaggio sul ghiaccio: capire se anche così, senza una copertura di protezione, la superficie riuscirà a evitare la formazione di quella patina che renderebbe impossibile promuovere tra cinque anni l'ovale dell'Arena nella sede delle gare di pattinaggio di velocità.",OGG,SOG,Repubblica,https://milano.repubblica.it/cronaca/2021/02/02/news/una_pista_di_ghiaccio_all_arena_cosi_milano_fa_le_prove_per_le_gare_olimpiche_di_pattinaggio-285576944/
40,5,Milano potrebbe essere sempre più la regina del ghiaccio del 2026.,SOG,SOG,Repubblica,https://milano.repubblica.it/cronaca/2021/02/02/news/una_pista_di_ghiaccio_all_arena_cosi_milano_fa_le_prove_per_le_gare_olimpiche_di_pattinaggio-285576944/
40,6,"Nei primi Giochi che portano inciso nel nome quello di due città, fin dai tempi del dossier di candidatura era previsto che a queste latitudini oltre alla cerimonia di apertura a San Siro si svolgessero le gare di hockey maschile (al nuovo palazzetto di Santa Giulia) e femminile (al Palasharp), quelle di pattinaggio di figura e di short track (al Forum di Assago).",OGG,SOG,Repubblica,https://milano.repubblica.it/cronaca/2021/02/02/news/una_pista_di_ghiaccio_all_arena_cosi_milano_fa_le_prove_per_le_gare_olimpiche_di_pattinaggio-285576944/
40,7,"Adesso, però, spunta un'ipotesi in più, ovvero trasferire da Baselga di Pinè, in Trentino, all'Arena anche lo speed skating.",OGG,SOG,Repubblica,https://milano.repubblica.it/cronaca/2021/02/02/news/una_pista_di_ghiaccio_all_arena_cosi_milano_fa_le_prove_per_le_gare_olimpiche_di_pattinaggio-285576944/
40,8,È stata l'assessora allo Sport Roberta Guaineri a confermare lo scenario:,OGG,SOG,Repubblica,https://milano.repubblica.it/cronaca/2021/02/02/news/una_pista_di_ghiaccio_all_arena_cosi_milano_fa_le_prove_per_le_gare_olimpiche_di_pattinaggio-285576944/
40,9,Abbiamo risposto a una richiesta del Cio mettendo a disposizione la struttura per il test.,OGG,SOG,Repubblica,https://milano.repubblica.it/cronaca/2021/02/02/news/una_pista_di_ghiaccio_all_arena_cosi_milano_fa_le_prove_per_le_gare_olimpiche_di_pattinaggio-285576944/
40,10,"Ovviamente non spetta a Milano la scelta di un eventuale trasferimento delle sedi di gara, ma questa sarebbe un'ottima opportunità per la città, che non pregiudica tra l'altro l'utilizzo dell'Arena da parte degli atleti: quella è e rimane la loro casa.",SOG,SOG,Repubblica,https://milano.repubblica.it/cronaca/2021/02/02/news/una_pista_di_ghiaccio_all_arena_cosi_milano_fa_le_prove_per_le_gare_olimpiche_di_pattinaggio-285576944/
40,11,"Ma perché si è arrivati a valutare questo rimescolamento delle carte nella mappa condivisa tra Lombardia, Veneto, Trentino e Alto Adige?",OGG,SOG,Repubblica,https://milano.repubblica.it/cronaca/2021/02/02/news/una_pista_di_ghiaccio_all_arena_cosi_milano_fa_le_prove_per_le_gare_olimpiche_di_pattinaggio-285576944/
40,12,Tutto parte dalle cosiddette New Norm dettate dal Cio per contenere i costi e puntare sulla sostenibilità dei Giochi.,OGG,SOG,Repubblica,https://milano.repubblica.it/cronaca/2021/02/02/news/una_pista_di_ghiaccio_all_arena_cosi_milano_fa_le_prove_per_le_gare_olimpiche_di_pattinaggio-285576944/
40,13,"MilanoCortina ha promesso di rispettare questo spirito, utilizzando il più possibile impianti esistenti e non lasciando dietro di sé costose cattedrali nel deserto.",SOG,SOG,Repubblica,https://milano.repubblica.it/cronaca/2021/02/02/news/una_pista_di_ghiaccio_all_arena_cosi_milano_fa_le_prove_per_le_gare_olimpiche_di_pattinaggio-285576944/
40,14,"Lo stesso Comitato, però, avrebbe espresso dubbi sull'idea originale che riguarda, appunto, il pattinaggio di velocità.",OGG,SOG,Repubblica,https://milano.repubblica.it/cronaca/2021/02/02/news/una_pista_di_ghiaccio_all_arena_cosi_milano_fa_le_prove_per_le_gare_olimpiche_di_pattinaggio-285576944/
40,15,"Nella mappa ufficiale, il luogo prescelto è il centro di Baselga di Piné che, però, avrebbe bisogno di un intervento di almeno 70 milioni per essere coperto.",OGG,SOG,Repubblica,https://milano.repubblica.it/cronaca/2021/02/02/news/una_pista_di_ghiaccio_all_arena_cosi_milano_fa_le_prove_per_le_gare_olimpiche_di_pattinaggio-285576944/
40,16,Non solo.,OGG,SOG,Repubblica,https://milano.repubblica.it/cronaca/2021/02/02/news/una_pista_di_ghiaccio_all_arena_cosi_milano_fa_le_prove_per_le_gare_olimpiche_di_pattinaggio-285576944/
40,17,"Una volta finite le Olimpiadi, l'impianto rischia di perdere tra i 570 e gli 830 mila euro all'anno.",OGG,SOG,Repubblica,https://milano.repubblica.it/cronaca/2021/02/02/news/una_pista_di_ghiaccio_all_arena_cosi_milano_fa_le_prove_per_le_gare_olimpiche_di_pattinaggio-285576944/
40,18,Ecco perché il Cio vuole tentare la carta di Milano e di un'Arena a Cinque cerchi.,SOG,SOG,Repubblica,https://milano.repubblica.it/cronaca/2021/02/02/news/una_pista_di_ghiaccio_all_arena_cosi_milano_fa_le_prove_per_le_gare_olimpiche_di_pattinaggio-285576944/
40,19,"Ed ecco perché, per un mese, i loro tecnici misureranno la tenuta del ghiaccio.",SOG,SOG,Repubblica,https://milano.repubblica.it/cronaca/2021/02/02/news/una_pista_di_ghiaccio_all_arena_cosi_milano_fa_le_prove_per_le_gare_olimpiche_di_pattinaggio-285576944/
40,20,"Poi, sarà il Cio a fare le valutazioni successive",OGG,SOG,Repubblica,https://milano.repubblica.it/cronaca/2021/02/02/news/una_pista_di_ghiaccio_all_arena_cosi_milano_fa_le_prove_per_le_gare_olimpiche_di_pattinaggio-285576944/
40,21,spiega Guaineri,OGG,SOG,Repubblica,https://milano.repubblica.it/cronaca/2021/02/02/news/una_pista_di_ghiaccio_all_arena_cosi_milano_fa_le_prove_per_le_gare_olimpiche_di_pattinaggio-285576944/
40,22,anche perché l'Arena non verrebbe coperta e dovrebbe essere modificato il regolamento che attualmente vieta le competizioni olimpiche di questa specialità in strutture all'aperto.,OGG,SOG,Repubblica,https://milano.repubblica.it/cronaca/2021/02/02/news/una_pista_di_ghiaccio_all_arena_cosi_milano_fa_le_prove_per_le_gare_olimpiche_di_pattinaggio-285576944/
40,23,"La strada, insomma, è lunga.",SOG,SOG,Repubblica,https://milano.repubblica.it/cronaca/2021/02/02/news/una_pista_di_ghiaccio_all_arena_cosi_milano_fa_le_prove_per_le_gare_olimpiche_di_pattinaggio-285576944/
40,24,"E la resistenza più forte potrebbe non essere quella degli elementi, ma della politica, con il presidente della Provincia autonoma di Trento, Fabrizio Fugatti, che rivendica:",OGG,SOG,Repubblica,https://milano.repubblica.it/cronaca/2021/02/02/news/una_pista_di_ghiaccio_all_arena_cosi_milano_fa_le_prove_per_le_gare_olimpiche_di_pattinaggio-285576944/
40,25,Se si dovesse optare per un impianto all'aperto a maggior ragione la scelta dovrebbe ricadere su Pinè.,OGG,SOG,Repubblica,https://milano.repubblica.it/cronaca/2021/02/02/news/una_pista_di_ghiaccio_all_arena_cosi_milano_fa_le_prove_per_le_gare_olimpiche_di_pattinaggio-285576944/